id,tv_shows,description,poster,trailer,year_of_release,number_of_seasons,age_ratingID,genreID,director,actors
1,Percy Jackson and the Olympians,A modern demigod discovers his divine powers and sets off on a dangerous quest across America to prevent a war among the Greek gods.,https://share.google/Nqqp8jC8ZiN0bkstA,https://www.youtube.com/watch?v=JTZHpPZFauY,2023,2+,2,1,"James Bobin, Anders Engström, & Jet Wilkinson (Created by Rick Riordan & Jonathan E. Steinberg)","Walker Scobell, Leah Sava Jeffries, Aryan Simhadri"
2,Never Have I Ever,"A first-generation Indian-American teenage girl navigates high school drama, romance, and grief after a difficult year.",https://share.google/XtOHxsQGF5klgwyTa,https://youtu.be/HyOCCCbxwMQ?si=jCMicE82AXtFKbAH,2020,4,4,4,Mindy Kaling & Lang Fisher (Creators),"Maitreyi Ramakrishnan, Darren Barnet, Jaren Lewison"
3,Heartstopper,Two British teens at an all-boys grammar school discover their unlikely friendship might be something more in a sweet coming-of-age romance.,https://share.google/05RDMD61hi6owcjU4,https://youtu.be/FrK4xPy4ahg?si=HCMwisaoc-9dRbr2,2022,3,4,4,Euros Lyn (Created by Alice Oseman),"Joe Locke, Kit Connor, William Gao"
4,Boy meets world,A classic sitcom following Cory Matthews and his friends as they grow from middle school kids into young adults.,https://share.google/5N7iUqDqun90O48zp,https://www.youtube.com/watch?v=uaHKEc0mFXs,1993,7,2,3,Michael Jacobs & April Kelly (Creators),"Ben Savage, Rider Strong, Danielle Fishel"
5,Full house,A widowed father gets help raising his three young daughters from his eccentric best friend and his rock-musician brother-in-law.,https://share.google/UnXcj3lmDCWvuuSz6,https://youtu.be/2EL65KLdEHE?si=uQcMP--wZdi8nI0o,1987,8,1,11,Jeff Franklin (Creator),"Bob Saget, John Stamos, Dave Coulier"
6,The Rookie,"A middle-aged man pursues his dream of becoming an LAPD officer, making him the department's oldest rookie.",https://share.google/AyGJ1tDCJzssbEto1,https://youtu.be/8BPlx6eK1vc?si=wh7mT3I0q1f6tcle,2018,8+,4,5,Alexi Hawley (Creator),"John Nolan (Nathan Fillion), Alyssa Diaz, Richard T. Jones"
7,Friends,"Six 20-something friends navigate the ups, downs, and comedy of love and careers in Manhattan.",https://share.google/9Sy9ZsBPVBcMu1akL,https://youtu.be/Zg2LCD5QOJs?si=YQfhTu4MqFXiMd1b,1994,10,2,11,David Crane & Marta Kauffman (Creators),"Jennifer Aniston, Courteney Cox, Lisa Kudrow"
8,Gilmore Girls,"A quick-witted single mother and her teenage daughter share a unique bond while living in a charming, eccentric Connecticut town.",https://share.google/giLbOszITJ2fNAUuc,https://youtu.be/YwY86TlfDI0?si=pv1MhchzeQHFLQ5G,2000,7,4,3,Amy Sherman-Palladino (Creator),"Lauren Graham, Alexis Bledel, Melissa McCarthy"
9,Brooklyn Nine-Nine,An ensemble workplace comedy following a talented but goofy detective and his quirky colleagues in a New York police precinct.,https://share.google/3LO3ADTRdQhkMAKFA,https://youtu.beicTOP9F17pU?si=7otS5K2QK9XU2dpL,2013,8,2,11,Dan Goor & Michael Schur (Creators),"Andy Samberg, Stephanie Beatriz, Terry Crews"
10,Young Sheldon,A spin-off prequel following nine-year-old child prodigy Sheldon Cooper as he navigates high school and family life in East Texas.,https://share.google/5yIYkXYTytUxy0dmW,https://youtu.be/jffVm6tNBDg?si=8cXE-0EIZhdnb-TR,2017,7,1,11,Chuck Lorre & Steven Molaro (Creators),"Iain Armitage, Zoe Perry, Lance Barber"
11,Alexa and Katie,Lifelong best friends navigate their freshman year of high school together while Alexa undergoes treatment for cancer.,https://share.google/9rMoD5StoQQlIe5Ko,https://youtu.be/lp1FezHJ2FA?si=8RM6AhxA8bLAIH9o,2018,4,1,3,Heather Wordham (Creator),"Paris Berelc, Isabel May, Tiffani Thiessen"
12,Julie and the Phantoms,"A high school musician helps three ghost musicians from 1995 achieve the success they missed, while they help her rediscover her love for music.",https://share.google/cTLgEpAbVj1GMSJzL,https://youtu.be/H14cBj0qO6Y?si=6aBomaKCWteXqxnY,2020,1,1,3,"Kenny Ortega, Paul Hoen, & Kabir Akhtar (Created by Dan Cross & David Hoge)","Madison Reyes, Charlie Gillespie, Owen Patrick Joyner"
13,Lockwood and Co,"Three teenage paranormal investigators run a small agency in London, tackling dangerous ghosts without adult supervision.",https://share.google/geYjH7UAxwNct3YKx,https://youtu.be/7-iYxGLpQzo?si=uIYFMoQ7qo8M4LMP,2023,1,4,1,"Joe Cornish, William McGregor, & Catherine Morshead","Ruby Stokes, Cameron Chapman, Ali Hadji-Heshmati"
14,Shadow and Bone,"An orphaned mapmaker discovers a rare power that could unite her war-torn country, making her a target for powerful forces.",https://share.google/9Zi0WjKT8uXisrFbn,https://youtu.be/b1WHQTbJ7vE?si=eyZxpfDyrV6G15gP,2021,2,3,1,"Lee Toland Krieger, Dan Trachtenberg, Eric Heisserer, et al.","Jessie Mei Li, Archie Renaux, Ben Barnes"
15,The Baby Sitter's Club,A group of middle school friends launch a successful local babysitting business while navigating teenage life and family changes.,https://share.google/KCqrGN7Ky4cqYVlDk,https://youtu.be/vivBx21jYC0?si=9kUItxGPqMd8LkAT,2020,2,1,3,"Lucia Aniello, Andrew DeYoung, & Karen Maine (Developed by Rachel Shukert)","Sophie Grace, Momona Tamada, Shay Rudolph"
16,Lost in Space,"After crash-landing on an alien planet, the Robinson family must fight against all odds to survive and escape.",https://share.google/JUCx7j0hdhL5xMHE7,https://youtu.be/fzmM0AB60QQ?si=GGdh3ilp4si0WQKF,2018,3,2,8,"Neil Marshall, Tim Southam, & Stephen Surjik (Developed by Matt Sazama & Burk Sharpless)","Molly Parker, Toby Stephens, Maxwell Jenkins"
17,Anne with an 'E',"An imaginative, spirited orphan girl is mistakenly sent to live with an elderly sister and brother on Prince Edward Island.",https://share.google/Ea8T3fKRkBPqduFEQ,https://youtu.be/S5qJXYNNINo?si=2yflZVN_NvO1rQ9B,2017,3,2,7,"Niki Caro, Helen Shaver, & Miranda de Pencier (Created by Moira Walley-Beckett)","Amybeth McNulty, Geraldine James, R. H. Thomson"
18,Project Mc^2,A teenage secret agent and her science-savvy best friends use STEAM skills to save the day on spy missions.,https://share.google/gzYNqpUY36nzsioEw,https://youtu.beiNiV-J_52FY?si=vYHl6i6svNyT5MVv,2015,6,2,3,Michael Tobias & Ken Friss (Created by Andy Yeatman),"Mika Abdalla, Ysa Penarejo, Victoria Vida"
19,MH370: The Plane that Dissapeared,A investigative documentary series exploring the mysterious disappearance of Malaysian Airlines Flight 370 and its theories.,https://share.google/cuY9FuQOIg63mUdyC,https://youtu.be/TDg0m2Q3H8c?si=4_lkWLIqXTjvBUzT,2023,1,4,9,Daniel Hunter,"Jeff Wise, Cyndi Rivera, Florence de Changy"
20,Malibu Rescue,A ragtag group of aspiring junior lifeguards compete against snobby locals for ultimate bragging rights on Malibu beach.,https://share.google/2Dolny28jTGbipwPG,https://youtu.be/_dOsJFhJNGc?si=G-AIf_2ndqpoEwJf,2019,1,1,3,Savage Steve Holland,"Ricardo Hurtado, Breanna Yde, Jackie R. Jacobson"
21,Cobra Kai,"Decades after their 1984 tournament, Johnny Lawrence and Daniel LaRusso reignite their legendary karate rivalry.",https://share.google/GlJC76xagUeOsIdGA,https://youtu.be/xCwwxNbtK6Y?si=VQpDBGZYWrhGPSew,2018,6,4,5,"Josh Heald, Jon Hurwitz, & Hayden Schlossberg (Creators)","William Zabka, Ralph Macchio, Xolo Maridueña"
22,Loki,The mercurial God of Mischief is captured by the Time Variance Authority and forced to help fix broken timelines.,https://share.google/kfxkX4gmeXUadB2ie,https://youtu.be/nW948Va-l10?si=oc7HWD85t5UFeKKQ,2021,2,4,1,"Kate Herron (Season 1), Justin Benson & Aaron Moorhead (Season 2)","Tom Hiddleston, Sophia Di Martino, Owen Wilson"
23,Wanda Vision,"Wanda Maximoff and Vision live an idealized suburban life in a mysterious town, only to realize everything is not as it seems.",https://share.google/MhnUeTX7kjXmuy1wh,https://youtu.be/sj9J2ecsSpo?si=xzOkZGypjFMKjij2 ,2021,1,4,1,Matt Shakman (Created by Jac Schaeffer),"Elizabeth Olsen, Paul Bettany, Kathryn Hahn"
24,Moon Knight,A mild-mannered gift-shop employee discovers he has dissociative identity disorder and shares a body with a ruthless mercenary tied to Egyptian gods.,https://share.google/1y3FVrm1yBddjWHAI,https://youtu.be/x7Krla_UxRg?si=okhxS2xxq0Vr2R9F ,2022,1,4,1,"Mohamed Diab, Justin Benson, & Aaron Moorhead","Oscar Isaac, Ethan Hawke, May Calamawy"
25,Ms Marvel,A superhero-obsessed Jersey City teenager gains her own cosmic superpowers from a mysterious family heirloom.,https://share.google/oGcP5fkqCea08nJVZ,https://youtu.be/m9EX0f6V11Y?si=n7qGbagcoiD0_u5-,2022,1,3,1,"Adil El Arbi & Bilall Fallah, Meera Menon, & Sharmeen Obaid-Chinoy","Iman Vellani, Matt Lintz, Yasmeen Fletcher"